Date,Name,Email,Mobile No.,Comment
"16-08-2022 07:21",Pankaj,pankaj.kumar@yopmail.com,956855555858,testing
"16-08-2022 07:30",Pankaj,pankaj.kumar@yopmail.com,95683225855,test
"18-08-2022 07:38",,,,
"18-08-2022 07:44",,,,
"18-08-2022 07:44",,,,
"18-08-2022 07:44",,,,
"18-08-2022 05:53",,,,
"18-08-2022 05:54",,,,
"18-08-2022 06:24",,,,
"18-08-2022 06:26",,,,
"18-08-2022 09:41",test,test01@g.com,855757575757,asgagag
"31-08-2022 05:43",Hello,helleo@gmail.com,2655656565,sdfasdsd
"31-08-2022 06:29",Pankaj,testingpk@yopmail.com,956855555858,dsfgsdfdf
"16-09-2022 01:36",Manjeet,manjeet@gmail.com,9898989898,"asdmadbjkas djashd basnd "
"16-09-2022 01:38",Manjeet,manjeet@gmail.com,9898989898,"asdmadbjkas djashd basnd "
"16-09-2022 01:42",manjeet.html,sumit@omlogic.com,234234234234,asdasdasdasd
"16-09-2022 04:43",Pankaj,testingpk@yopmail.com,1485578858,
"16-09-2022 04:43",Pankaj,testingpk@yopmail.com,1485578858,
"16-09-2022 04:44",Pankaj,testingpk@yopmail.com,1485578858,
"16-09-2022 04:54",manjeet.html,sumit@omlogic.com,989898989,asdsadasd
"16-09-2022 04:54",manjeet.html,sumit@omlogic.com,989898989,asdsadasd
"16-09-2022 04:54",manjeet.html,sumit@omlogic.com,989898989,asdsadasd
"16-09-2022 04:54",manjeet.html,sumit@omlogic.com,989898989,asdsadasd
"16-09-2022 04:54",manjeet.html,sumit@omlogic.com,989898989,asdsadasd
"16-09-2022 06:19",manjeet,manjeet@yopmail.com,9898989898,"sdfnsdknf sdkf sdmfn "
"26-09-2022 12:14",Hobbies,sumit@omlogic.com,2655656565,dsfgdfgd
"26-09-2022 12:14",Hobbies,sumit@omlogic.com,2655656565,dsfgdfgd
"26-09-2022 12:14",Hobbies,sumit@omlogic.com,2655656565,dsfgdfgd
"26-09-2022 12:15",Hobbies,sumit@omlogic.com,2655656565,dsfgdfgd
"26-09-2022 12:15",Hobbies,sumit@omlogic.com,2655656565,dsfgdfgd
